Car_ID,Make,Model,Year,Mileage,Engine_Size,Transmission,Fuel_Type,Color,Price
f13f22a2-0c08-490d-9daa-d08657a3b288,Toyota,Hatchback,2007,,1.5,,Diesel,Silver,31622
ed4113d6-32a0-4ebd-bf3b-c30e37f18ce8,BMW,Sedan,2002,47063.0,2.0,Automatic,Diesel,Blue,33101
986e8bf9-0745-4989-9a67-5253d7bc8e32,Toyota,Truck,2001,104455.0,3.0,Manual,Electric,Blue,28126
7ca1b4a6-917e-4359-a739-a874c104d183,Ford,Coupe,2001,30573.0,1.5,Automatic,Hybrid,Black,17537
ca9699f3-a092-40c9-8082-243a3d0f7b22,Honda,Truck,2001,193055.0,,Automatic,Petrol,Blue,15901
18f2eff1-2fb3-47a3-af80-d5e49d061b38,Chevrolet,Sedan,2000,,,Manual,Diesel,Silver,42635
965cfb85-9e1e-4df2-9bf1-c236c074afae,Chevrolet,Hatchback,2021,85215.0,3.0,,Diesel,Red,33482
08e0509b-bade-4b3e-9bbe-f2d3afcee122,Ford,Coupe,2016,113392.0,1.0,Manual,Hybrid,Silver,17113
977b52db-7c44-49ed-bba3-1d1282924e0f,BMW,Sedan,2016,138497.0,3.0,Automatic,Hybrid,Silver,23702
f35caf2e-24fc-4c8c-a759-834b849c9744,Honda,Coupe,2017,113141.0,1.5,Automatic,Electric,White,5197
e3d80ef7-2d72-42f9-956d-4c1292ac218e,BMW,Sedan,2008,176697.0,,,Hybrid,Black,35876
6d3dac8b-70b1-492e-911c-c44d9d2efe42,Honda,Truck,2012,162580.0,3.0,,Diesel,Black,43639
3635969a-6fe2-40a7-8624-1ce6dfd045b6,Chevrolet,Coupe,2020,5292.0,2.0,Manual,Hybrid,Red,28887
9f65bc4b-5cab-4ae1-8fae-59351dbdea24,Toyota,Hatchback,2004,165859.0,1.0,Automatic,Electric,White,33899
c66316bd-c192-461a-b5f3-4258ec7d403e,Honda,Coupe,2017,183591.0,1.0,Automatic,Petrol,Blue,28636
8c9196c0-ff11-4aa6-92fa-a8b2282a5ab1,Honda,Hatchback,2020,175321.0,1.2,,Petrol,Black,40230
3c1e14f7-2f6b-465a-b10d-a8e89bcecb33,Honda,Truck,2017,136329.0,3.0,,Electric,Silver,17102
84c566f1-b644-401b-a8d6-dd62353a5a09,BMW,Hatchback,2017,13781.0,1.2,Manual,Diesel,Silver,32467
7cd6c23d-5a5d-4609-81d6-625cebe0b934,Honda,Sedan,2016,,1.0,Manual,Diesel,Red,24582
e8886259-3d86-4fd7-b6e8-6ae9d1b6b009,BMW,Coupe,2021,77107.0,1.0,Automatic,Electric,Silver,14444
1c529333-dfda-4f53-8dcd-d303194b2121,Honda,Sedan,2009,167701.0,1.2,Automatic,Diesel,Silver,33394
e6521dc5-368e-4ca5-a95d-0e400a2ded5f,BMW,SUV,2010,33819.0,2.0,,Hybrid,Blue,27420
c4533b6f-0199-4715-bc76-ee7115e42499,BMW,Truck,2014,91098.0,1.0,Automatic,Petrol,Red,23327
22a33943-c6e9-4a7a-abce-69be4bbb7b5f,Toyota,SUV,2003,36735.0,3.0,Manual,Petrol,Blue,12913
084053e8-397c-4e30-99d1-c76dec9dd459,Chevrolet,Truck,2007,18633.0,1.5,Manual,Diesel,Red,38867
7bb398dd-3439-47e6-a045-4afd72d6d39d,Chevrolet,Hatchback,2010,15569.0,1.0,,Electric,Black,45454
a50ae954-e70a-441b-ac04-6ae6a4e8f895,Honda,Hatchback,2003,22044.0,1.5,Manual,Diesel,Black,12683
82c94e15-5181-4ba7-a26b-18025cd23711,BMW,Coupe,2020,93079.0,3.0,Automatic,Hybrid,Red,20359
b7eccb7a-1fd5-4e08-823e-576f0a031015,Honda,Hatchback,2016,72403.0,1.2,Automatic,Petrol,Red,37117
0e632035-3c67-412d-8059-905875dd6402,Chevrolet,Sedan,2011,174005.0,,Manual,Diesel,White,37665
43f4be85-1338-4a92-803d-cb57abb0cc89,Honda,Hatchback,2010,,1.5,Manual,Petrol,Blue,26445
baa47bc7-ada6-4561-a4d9-959b4d63a6d6,Chevrolet,Hatchback,2016,54969.0,1.0,Automatic,Petrol,Black,8368
34be12d4-c6f9-4abd-b03a-f013e98b676e,Honda,Truck,2008,,1.0,Manual,Diesel,Black,20025
049df612-8c1c-43c4-a313-0dc466b6e34f,Ford,Coupe,2006,61288.0,3.0,Manual,Electric,Red,11677
e7b00b3a-d9c8-4b6a-8ee2-2ee7813cc1d0,Toyota,Hatchback,2003,128581.0,1.5,,Petrol,Blue,45581
ec81f737-7301-41e2-9657-ca3121a2a95d,BMW,Hatchback,2022,,,Automatic,Diesel,Red,19034
604c3687-5373-4ad4-951b-612ae70f2fc7,Honda,Hatchback,2006,176472.0,3.0,Automatic,Hybrid,Red,19932
42ea6f92-9795-48b2-b166-bdc5676419e4,Chevrolet,Coupe,2003,21345.0,1.0,Automatic,Electric,Red,10930
ca72e34a-43cb-4e08-8433-5aa84a6fd690,BMW,SUV,2004,49136.0,3.0,,Electric,Silver,48318
6dd789e2-122a-4bef-b2f4-b3913a98f9a8,Honda,SUV,2004,48011.0,2.0,Automatic,Diesel,Black,20563
04faaee7-6d9e-4797-94fc-f32f8697f1db,BMW,Truck,2003,53248.0,2.0,,Diesel,Blue,49929
a25fd603-dfc6-491c-a778-4ba0a0f993c7,Toyota,Coupe,2008,6472.0,2.0,Automatic,Diesel,Blue,18903
3605f84d-2c5f-40d5-9279-ba6f232e0f7a,Toyota,Coupe,2011,170060.0,1.5,Manual,Electric,Red,47677
4eac6300-9b72-442d-a805-1ae2be307bf3,Ford,Coupe,2010,,1.5,Manual,Hybrid,White,26315
469be68d-96c5-47c7-b41b-892f43c3bd01,Honda,Hatchback,2011,26570.0,3.0,Automatic,Petrol,Blue,39273
f5395e86-6d2e-4484-88dc-061337eec0fb,Toyota,SUV,2013,189320.0,1.0,Automatic,Electric,Red,32364
49a907ed-bbce-4a3f-b3e9-45849fef2f3e,Ford,Truck,2015,136334.0,1.0,Automatic,Diesel,Blue,20368
577fb13c-6998-4200-8179-694b38efb403,BMW,Sedan,2006,171310.0,,Manual,Hybrid,Red,13064
b363d8ad-5336-4544-862e-a4e82f148ab1,BMW,Hatchback,2008,,1.2,Manual,Petrol,White,48095
6ae52001-7ff7-409d-b0a1-1fcafef399ce,Toyota,Sedan,2013,67654.0,3.0,Manual,Diesel,White,16914
77f0d36c-b523-40ae-b95c-bbe2d5fcee8e,Chevrolet,Truck,2002,,2.0,Automatic,Diesel,Blue,6858
20dcb9af-6432-4236-abae-f20b37600b82,Honda,Truck,2019,27346.0,,Automatic,Hybrid,Red,15976
ef10a9b9-7192-4fd0-aac0-a25d5db0483f,Ford,Sedan,2003,15899.0,3.0,Manual,Electric,Silver,40983
7121a8e2-e687-4179-8f42-cf2d6f9804c7,BMW,Hatchback,2016,,1.0,,Hybrid,Red,28280
ad3ca3b9-a7ab-46bd-9a2b-65329a3466ca,Ford,Truck,2015,190519.0,1.0,Manual,Petrol,Blue,23120
0fc2d8d0-99a9-4e11-a79f-32bf25f19f54,Ford,Hatchback,2012,15669.0,2.0,,Petrol,White,36546
d4531b18-f7ea-4c55-a03c-113ec5b4480c,Toyota,Truck,2001,,1.5,Manual,Electric,Red,43923
dd999a31-a1b4-4bb6-ac87-28ec34eeffbb,BMW,SUV,2015,,,,Diesel,Silver,33705
6627597e-434b-4eb0-9353-1c8f59cecf5b,Honda,Truck,2013,147384.0,1.2,Manual,Petrol,Blue,16014
69130311-3496-4e27-9b0d-6f850b049175,Ford,Hatchback,2001,56806.0,,,Hybrid,Blue,25811
33f4aad2-ae01-4ad1-adf9-fc5fa70ce7a9,BMW,Coupe,2008,,1.2,Manual,Diesel,Red,32189
20aed912-dffc-4435-ab02-21b2f06ad6d0,Chevrolet,Sedan,2009,150123.0,3.0,Automatic,Diesel,White,15186
aefdba52-dddf-42bc-8191-85dd246d7401,BMW,Coupe,2016,,2.0,Automatic,Petrol,Silver,24417
c31e3d99-9d58-4bc4-b6ec-4ef4f00b93fe,BMW,SUV,2002,35041.0,,Manual,Electric,Silver,27566
22164d0c-c1a7-4fa9-af90-b80ca28e050c,Toyota,Truck,2005,126876.0,2.0,,Electric,Silver,43092
a998042f-1986-473a-929f-ff89428b8710,BMW,Hatchback,2017,106367.0,1.2,Automatic,Diesel,Black,7509
46e2e673-1312-42f4-bd55-b31450a7da65,BMW,SUV,2011,114993.0,1.0,Manual,Diesel,White,20611
fa36b3d1-9593-4d44-bbf9-22489f8d7e01,Chevrolet,Sedan,2013,160573.0,1.0,Manual,Petrol,Blue,17595
987d61da-8fb8-4b49-af25-25cb4c601940,BMW,SUV,2013,179235.0,1.5,Automatic,Diesel,Silver,41073
a30ded7b-64c3-4da5-b608-34eca91ee8e7,Ford,Truck,2002,,,Automatic,Electric,Black,38837
7d79beca-7200-4d5c-a97e-6c5233fcd11f,Toyota,Truck,2018,,1.5,Manual,Petrol,Black,32228
39873b67-bd79-44d0-a4be-fb84b0e9b9ea,BMW,Truck,2016,142344.0,1.5,,Electric,White,49149
63c49564-03b1-4c0d-8947-b3e96d46ca7c,Honda,Hatchback,2007,16740.0,1.0,Automatic,Petrol,Blue,12443
44c4cab4-227d-43de-8637-a88c3a054047,Toyota,SUV,2017,101792.0,,Automatic,Petrol,White,27918
a66684ae-b3e7-4e1f-9cef-c01e541c3900,Ford,Hatchback,2003,187194.0,3.0,Automatic,Hybrid,Black,12553
94903779-ef72-47aa-bb09-d2f9c92e2a98,Ford,Hatchback,2001,64630.0,3.0,Automatic,Petrol,Red,44152
e51f56ae-98d1-4235-b048-36fcbe8f9c42,Honda,Hatchback,2002,29799.0,1.5,Automatic,Electric,White,42016
d38b9e1f-27a2-4678-a297-5cacae8f0160,Honda,SUV,2021,,1.0,Automatic,Hybrid,Black,6080
3fda1b5e-7ac4-4242-808e-4e48a7568222,Honda,Truck,2015,158552.0,1.5,Manual,Diesel,Black,38038
b944680b-1fbe-4566-86f8-8779da7f4648,Honda,Coupe,2006,5951.0,1.5,Manual,Petrol,Red,12724
157278ab-df43-46a9-8eaf-f8065a26fd5d,Chevrolet,SUV,2009,150612.0,1.5,Manual,Hybrid,Silver,31993
387ae421-64b5-4bd5-a98f-09441fb913da,Ford,SUV,2021,39765.0,1.0,,Diesel,Silver,38472
40a5c5a1-2813-423b-9559-976ea01534a1,Ford,Coupe,2011,,,Manual,Electric,Red,18149
4c504a42-eafc-4225-bcb3-c8b4d9d41e0d,Ford,Coupe,2008,27794.0,1.2,,Diesel,Black,18280
7a92923a-8bb8-41a3-bdf8-b4ab5191c0df,Chevrolet,Hatchback,2003,174193.0,2.0,Manual,Hybrid,Blue,14437
174825e1-76b2-40e9-8e7d-f002eb5dc3dd,BMW,Sedan,2009,,2.0,Automatic,Petrol,Black,13673
9f51fedc-b747-4c4e-b918-0a984c6eedbe,Chevrolet,Truck,2009,148567.0,1.0,Manual,Electric,White,37881
a456d5a6-e1f4-4b33-9868-76ce0c3b4744,Toyota,Truck,2003,99091.0,1.2,,Diesel,White,7965
73a4dfa5-c1fb-4d76-82bd-e92937f9b702,Toyota,Truck,2015,55678.0,2.0,Manual,Hybrid,Silver,42618
08701a67-d297-4660-9187-6a858da459cb,Chevrolet,SUV,2014,,2.0,Manual,Electric,Red,42360
07868288-9962-4b0c-be5e-fdc286c4bae4,Ford,Sedan,2015,93800.0,,Manual,Electric,Red,17502
9469448e-3a9b-4d33-850e-600a3ece7150,Honda,Truck,2019,173227.0,2.0,,Hybrid,Silver,47101
4f6f28b1-7a31-4327-b62b-e6981ace86ac,Ford,Truck,2005,183127.0,1.0,Automatic,Electric,Blue,8661
33192b81-c1d1-4319-b516-e7e0dc9fa811,Chevrolet,Sedan,2008,182648.0,3.0,Automatic,Petrol,Silver,13208
d0e74cdc-f858-4b77-9a6e-3f2217a5f315,Ford,Sedan,2016,115797.0,1.0,,Hybrid,Black,49918
23f83f27-877c-45ac-89f2-bb4654653418,Honda,Hatchback,2012,171927.0,1.5,Manual,Electric,Red,24150
85d98e1f-ff4d-43d9-9cff-e417e20d4c9f,Toyota,Hatchback,2008,15707.0,,Manual,Hybrid,Silver,18635
b43f0b4e-443f-406a-82f7-2cc1048a8782,Ford,Coupe,2013,23823.0,1.0,Automatic,Petrol,Red,13864
cb9eb937-13f4-4e31-a3dc-13896e06549b,Ford,Hatchback,2007,48488.0,1.2,Manual,Electric,Black,24720
af41dce5-e1ed-4c8c-8130-4d4dbf66a6d3,BMW,Sedan,2014,87859.0,3.0,Automatic,Electric,Black,11701
e12f494a-a69b-4600-a188-0372fc9bd7e0,Honda,Truck,2009,71266.0,1.2,,Hybrid,Silver,49874
306ae325-fef4-4610-a999-b1b979aa7289,Toyota,Coupe,2004,40303.0,1.2,Automatic,Hybrid,Silver,34446
4c8ec98b-d2ad-4cca-82ae-0329dfeba939,Ford,Sedan,2002,81177.0,2.0,Manual,Hybrid,Silver,21659
11b0b0cc-650f-4fed-9ff3-9262ddf0dc87,Ford,Sedan,2019,117511.0,3.0,Manual,Hybrid,White,34827
743b7fc8-992a-4fe8-b320-283560ff82a9,BMW,Hatchback,2005,129844.0,1.2,Manual,Petrol,Red,22214
d2783600-6c4e-49ff-b9cc-143431627de8,Toyota,Coupe,2010,65984.0,1.5,Manual,Hybrid,White,12422
4fea58ed-0ec4-48f3-b75f-45d0aa3124c8,Honda,Sedan,2022,,1.2,Manual,Diesel,White,35426
6fdf70f9-63df-4d2d-b26a-ae974a090a73,Toyota,Coupe,2001,,2.0,Automatic,Electric,White,27083
5512b4f5-bea8-4391-b028-c4d20f03b407,Honda,SUV,2006,91480.0,1.0,Automatic,Hybrid,Blue,14762
12932dcc-d1fa-4803-afaf-105b10e11b65,BMW,Coupe,2012,42286.0,,,Petrol,Silver,34777
e9909311-df9d-4c30-840e-0ebd1042e4dd,Toyota,Truck,2017,185176.0,1.5,Manual,Electric,Black,38552
a316fbc8-715e-4e6d-994d-b0e261f33a02,Ford,Sedan,2016,116089.0,1.5,,Diesel,Black,35757
3b82dd9b-1e35-4969-95f6-f73e9867434f,Toyota,Hatchback,2004,83453.0,3.0,Automatic,Petrol,Red,16849
e6fd9c25-3d4a-4940-b7b5-77c3d92fb6e5,Toyota,Coupe,2009,47222.0,3.0,Automatic,Electric,Black,7474
909f72a1-dc68-4876-88bb-77e3a808b1a6,Honda,Truck,2013,193952.0,1.2,Automatic,Hybrid,White,28440
22a79f68-57f8-470e-926f-61986d5cb7db,Ford,Coupe,2003,167974.0,1.5,Manual,Hybrid,Silver,14904
45ae76d8-6980-4d5a-8c34-df4629596584,BMW,Coupe,2014,,1.2,Manual,Petrol,Black,6547
988f8cc0-9805-4b5b-b204-6d2df1232266,Ford,Sedan,2017,41354.0,1.2,Manual,Electric,Red,42931
39aa75b7-1978-4c72-b3ed-4ee949d48fa1,Ford,Truck,2007,6084.0,1.0,Automatic,Electric,Blue,15273
5423ad74-62df-43e1-b4e9-6984c52cc88a,Honda,SUV,2007,120198.0,3.0,Automatic,Electric,Black,25828
b312674c-85c2-4d27-8605-c6781a25dfd1,Chevrolet,Sedan,2007,,2.0,,Hybrid,Blue,16327
4a76928d-d587-4b81-b543-c00ffdb9ddbf,Ford,SUV,2020,122960.0,3.0,Manual,Hybrid,Red,15323
99afbfb7-83cd-47ba-93b1-ab8950dbf371,BMW,Truck,2021,10953.0,1.5,Automatic,Petrol,White,19514
1729d41b-d342-4f51-b7a8-ddaf1f7140a6,Chevrolet,Coupe,2009,17610.0,1.5,,Petrol,Red,19602
acf2a2d1-9337-4993-8377-f827ef5dbb41,Ford,SUV,2006,95781.0,1.0,Manual,Petrol,Silver,28588
be62c2c6-2eb7-4f57-8df7-915569b1e3b8,BMW,SUV,2021,80782.0,1.5,Manual,Diesel,Black,33550
0ae8f088-9c24-4c99-adb0-91db19da84b5,Toyota,Truck,2014,125117.0,1.2,Manual,Hybrid,Black,15451
da97b077-20a6-4ceb-a239-f13fc48853be,Ford,Hatchback,2017,188230.0,3.0,,Diesel,Blue,46844
830f28d9-46fc-48d5-a9d1-e25807f07ed1,Honda,Truck,2004,93797.0,1.2,Manual,Petrol,White,21458
c7d2d305-063e-46f3-a10a-5de60ee2cb00,BMW,Coupe,2013,,1.2,Manual,Petrol,Silver,37751
92a40f3d-b250-41a9-93f5-bcc09ebb270c,Toyota,SUV,2022,64109.0,1.5,Manual,Petrol,Blue,38312
73ede7e4-7fcc-4080-8115-73da697fca25,Chevrolet,Coupe,2006,162511.0,1.2,Manual,Electric,Black,42510
33e48594-d9ed-4059-9a47-33d94fba262c,Toyota,Hatchback,2013,81070.0,,Automatic,Electric,Blue,12723
4ede04a3-8154-4904-871c-71d7e2711a40,Chevrolet,Sedan,2021,198520.0,2.0,,Petrol,Black,28880
a51a8417-a819-4296-9ce3-1cbdcfef2ac8,Ford,Truck,2010,192072.0,,,Electric,Red,31328
a6289259-8ad5-4666-9298-3379b3aad349,BMW,Truck,2000,,1.0,Manual,Petrol,Red,37109
327688fa-a0e0-4218-a783-511037ef4d65,Toyota,Coupe,2010,192990.0,3.0,Automatic,Petrol,Black,48395
67789188-59b6-4209-859a-4424245096ab,Toyota,Hatchback,2017,,1.5,Manual,Electric,Blue,6938
1dd41a38-5566-4aa2-b9ba-80157b0f760a,Toyota,Truck,2010,24849.0,1.2,,Hybrid,Silver,40029
241f3a35-4398-4a93-82ff-34fb4f8f80f9,Toyota,Truck,2017,,1.5,Manual,Petrol,Blue,12281
2244ba15-c017-4d6a-b2dd-a3f6f76994e5,Chevrolet,Truck,2008,159741.0,3.0,,Electric,Blue,7678
21b664d3-f152-421f-81b3-b8f1bd90104c,Chevrolet,Hatchback,2011,,3.0,Automatic,Petrol,White,23429
ccae52f8-2d66-49ef-9f18-e10808dca34e,BMW,Coupe,2007,,,Manual,Hybrid,Silver,38966
6555b714-6a59-41d0-bab6-bd476d60682b,Chevrolet,Coupe,2006,162761.0,1.0,,Diesel,Silver,29699
5276f62f-2df8-4e29-b638-9c8d15c39e5a,Ford,Sedan,2007,150389.0,2.0,Manual,Hybrid,Blue,10789
071e5d07-fa33-48c4-a38a-36612c3efa76,Toyota,SUV,2022,163866.0,1.2,Automatic,Hybrid,White,9096
d590ae02-3f88-445a-8340-0019a22dae88,Honda,Hatchback,2017,78982.0,,,Petrol,Blue,41968
4631bcf1-5952-4eb2-b280-35d8bb34c511,Ford,Coupe,2017,136999.0,3.0,Automatic,Diesel,Red,10305
4d2fd03e-432c-411a-83fa-b4d2a444b4a3,Honda,Hatchback,2019,125081.0,1.5,Automatic,Electric,Silver,38486
234daa1e-6322-4570-8d70-fecb6817dea4,Ford,Sedan,2019,,2.0,Automatic,Petrol,Silver,13182
f738a04a-bf5b-4544-98e3-86f8a6e08094,Ford,SUV,2017,82871.0,2.0,Automatic,Diesel,Red,44915
48462ef8-f4a1-4e1e-858f-89eae7d9caed,Honda,SUV,2006,,1.0,Manual,Diesel,Blue,44318
28d2a8d5-8064-463a-925c-8e5dfca6d648,Toyota,Truck,2012,,3.0,Manual,Electric,Silver,29523
f12096cd-3c04-4e50-b628-34a19ddde2d9,Toyota,Hatchback,2009,64990.0,1.5,,Electric,Silver,40299
a960d8d7-919c-480f-8dd7-c862551bf824,Chevrolet,Sedan,2006,8378.0,1.5,Automatic,Petrol,Red,16688
721f1e3d-673e-43d8-8ae2-4b997fb8787d,Honda,Hatchback,2005,152928.0,1.0,Automatic,Diesel,Blue,46741
6fd9a3f3-b6ea-49f0-bd82-ef50fcf39d82,Ford,Sedan,2017,37415.0,1.2,Automatic,Hybrid,Black,7739
9fec96ff-e063-4993-9179-e2fbb997e315,BMW,SUV,2019,17024.0,1.0,Manual,Hybrid,White,5930
20b643c6-e610-4d83-b460-5c993e4a1ea8,Ford,Sedan,2021,,1.0,Manual,Diesel,Blue,38546
2a68b658-ca85-4c4e-8d7c-b4745cf97da8,Chevrolet,SUV,2013,163784.0,1.2,Automatic,Hybrid,White,8077
6deaa390-2c8b-4ae0-8d6a-5d8b367e968c,Toyota,Truck,2016,122741.0,1.5,Automatic,Diesel,Silver,48490
b71e5f6e-48d9-4556-8c08-e54767448e67,Honda,Coupe,2017,175035.0,1.5,,Diesel,Blue,6193
a540563c-db20-4fdf-bbee-0c6de174c0ff,Chevrolet,SUV,2015,68599.0,1.5,Automatic,Hybrid,Red,44260
7b2dece6-a575-4692-9f8c-3b6c2e352494,Chevrolet,Sedan,2022,32686.0,2.0,Automatic,Diesel,Blue,14051
74a21c57-0ceb-42f6-87d0-5250c4d0ab0d,Chevrolet,Truck,2007,194313.0,3.0,,Electric,Silver,47248
0639a048-3a27-4fcd-af1d-c4aca3831036,Chevrolet,Sedan,2002,188732.0,1.0,Automatic,Electric,Red,21541
ef77d7d4-7b67-4cf1-aee0-6257d28c36be,Ford,Sedan,2008,29886.0,,Automatic,Petrol,Black,28534
36dcd321-1488-43fc-919d-65b152f06b87,Chevrolet,SUV,2004,33909.0,1.0,Automatic,Hybrid,White,13939
21dbeb45-dc73-4c5a-80ef-7f277b0cef05,Chevrolet,SUV,2002,191541.0,,Automatic,Petrol,Blue,39002
7b849ed6-2af1-45c7-be3d-da07d9c6ccdd,Honda,Coupe,2001,140066.0,3.0,Manual,Diesel,Black,13023
79e9a143-fb55-419d-8c76-2bb064dfa58b,BMW,Sedan,2022,121868.0,1.2,Manual,Electric,White,5772
6ca6640c-5c59-472b-85a8-f437f1652692,Honda,Coupe,2011,136824.0,2.0,,Hybrid,Black,8821
7592fd9c-c416-473c-8550-a02dfca988bc,Honda,Truck,2015,139783.0,3.0,,Hybrid,Black,48743
a9ca04ba-feec-4be8-af47-37e735b2ef4c,Ford,Truck,2004,110859.0,1.2,Automatic,Hybrid,Blue,22030
aaa6ec4f-815e-4430-ab4e-9a461a6f5663,Chevrolet,Truck,2021,,1.5,,Electric,Silver,18706
fb5d286f-51a8-4f4a-a8f1-2882a2dd15cc,BMW,Truck,2007,,,Manual,Hybrid,White,38864
fb34657f-cefb-4811-88b1-246841ac65a4,BMW,Coupe,2003,75397.0,1.0,Manual,Petrol,Red,39534
d47bbf3f-12a7-4949-b164-b10dc3fe60cd,Ford,Truck,2016,194724.0,1.2,Automatic,Hybrid,White,18661
e027f29f-0e16-4f21-8788-fd323b5e0f77,Honda,Coupe,2016,126199.0,1.5,Automatic,Electric,Blue,35583
a0d71039-b91e-47ae-a124-8fa902d7d736,Chevrolet,Hatchback,2021,105106.0,1.2,Automatic,Diesel,Silver,28253
7184b363-2c2d-4e26-8fbd-5199b6645110,Ford,Sedan,2004,120428.0,1.2,Manual,Petrol,Black,10027
3203010a-ab08-493e-9131-1466097c52d3,BMW,Coupe,2022,109894.0,3.0,Manual,Petrol,Red,33849
292ab1db-f81a-46d3-8d1b-c859d684c6ba,Chevrolet,Coupe,2020,166643.0,1.2,Automatic,Electric,Black,23258
112ceadd-d6f7-491c-a320-d032ff312937,BMW,Hatchback,2005,39175.0,1.0,Automatic,Petrol,White,25420
6786727f-64ee-49a0-9e7b-8ae29011630c,Toyota,SUV,2004,187971.0,3.0,Automatic,Hybrid,Black,26011
73844b62-9500-4085-9078-e76ea403e5c2,BMW,SUV,2003,33817.0,1.5,Manual,Electric,Blue,47294
53d3af11-b70e-440e-ab22-72d3c8b50b6c,BMW,Hatchback,2002,171031.0,1.5,Automatic,Electric,Silver,47369
57b6ff58-33a7-444a-87a6-3e990b9a7dcd,BMW,SUV,2013,52718.0,2.0,Manual,Hybrid,White,17839
782b6e39-eecb-46d9-896d-ed204baf0a3a,Honda,Sedan,2008,151940.0,2.0,Manual,Petrol,Black,39717
0ab2157f-f210-467a-98b3-a0af6346df19,Toyota,Sedan,2012,92769.0,1.5,Manual,Diesel,Red,19559
091cf3e7-93ec-4a4d-9bbe-5532442df73d,BMW,Hatchback,2011,42656.0,2.0,Automatic,Petrol,Red,7482
85a454c8-c435-4f97-886c-01d35bd476eb,Ford,SUV,2017,,1.5,,Electric,White,25249
104869d2-60a6-44f9-b5c6-96a6e38cbc0a,Honda,Hatchback,2008,34179.0,2.0,Manual,Petrol,White,48376
c3876d9b-bd99-4c95-8975-4b169fa572d7,Chevrolet,Truck,2015,113004.0,1.2,Manual,Diesel,Silver,33791
9b327402-fe8c-4a9e-9402-0fd02e208a18,Chevrolet,Sedan,2000,20697.0,3.0,Automatic,Diesel,White,8860
d639532b-d46d-4194-a3f0-21f5b3ebac17,Honda,Coupe,2004,8639.0,2.0,Manual,Diesel,Black,29828
87130947-06ec-4125-b7d1-0df91b2280cd,Honda,Coupe,2011,124603.0,2.0,,Electric,Red,17973
5ba36658-d773-485b-a257-83cc50a3629f,Toyota,Hatchback,2011,17083.0,1.0,,Petrol,Red,11148
76167e4a-6222-4a99-bb30-90afe7896a47,Ford,Coupe,2005,5236.0,3.0,Automatic,Hybrid,Blue,20837
ad07d28a-6580-4826-98e4-14febc727163,Toyota,Sedan,2007,6709.0,1.5,,Hybrid,Black,12944
e88e8789-436f-4886-94f1-ff883194a892,Chevrolet,SUV,2021,164283.0,2.0,,Electric,White,32258
ed625f03-f555-4b4a-9a13-f0bdbfc878aa,Ford,Sedan,2002,134457.0,3.0,,Petrol,Blue,47407
23f45fe2-57a3-422b-ad45-ce7f7a29d136,Honda,SUV,2010,67434.0,2.0,,Hybrid,Black,8602
c593c702-c178-44c0-a4a0-aa6a766411d3,BMW,SUV,2019,,,Automatic,Diesel,Silver,27873
f54eba11-1d25-4d4e-9c59-4f742ef0ddfc,Toyota,Hatchback,2009,111002.0,1.5,Automatic,Petrol,Black,25956
7af7eba4-49f4-451d-847d-877e954da547,Toyota,Sedan,2009,187660.0,1.0,Manual,Electric,White,28893
58837de8-b12c-4887-9e78-f555e84c0d57,Chevrolet,Coupe,2014,,1.5,Manual,Hybrid,White,25826
7047b463-cd4a-421a-8f2b-b50c0bbec65f,Toyota,SUV,2002,,2.0,Manual,Diesel,White,23167
ec78b5af-8e6c-4e45-884a-d0b7d2ecc104,Toyota,Coupe,2018,,1.0,Manual,Electric,Blue,46630
77111cc0-7785-489c-aeb9-65e12362e12c,BMW,Sedan,2014,7947.0,1.5,,Electric,Red,28193
2c54f02a-7de1-4c06-8806-493b6e0e1a3d,BMW,Sedan,2022,,1.2,,Electric,Black,28908
2d60283b-cb33-45d3-8526-4ddc0709e630,BMW,Hatchback,2016,180311.0,,,Electric,Black,12461
3b04f53f-84b5-4591-8395-26ac10ea35c3,BMW,SUV,2015,,1.2,Manual,Electric,Silver,26597
32c2e554-6462-4276-8044-f176396836cc,Ford,Hatchback,2004,,1.2,Automatic,Hybrid,Black,38470
b24acc3b-6502-45ff-861c-b7bdf699b6a7,Chevrolet,SUV,2021,79933.0,1.0,,Petrol,Silver,17151
a892ea4e-7da8-4d6b-99b3-136ad72a5c21,Chevrolet,Sedan,2014,,1.0,Manual,Diesel,Blue,22957
2216033a-a9e3-4c6d-8f0e-648d75a80991,Ford,Truck,2010,122733.0,1.5,Automatic,Hybrid,White,22955
de2c5a30-778e-449c-bd1d-1fe06db2f1cd,Honda,Coupe,2022,,1.5,Manual,Electric,Silver,22934
6fee49a7-34fe-4b69-aa79-0a925fcc472a,BMW,Sedan,2019,,1.5,Manual,Petrol,Blue,48085
f8069b46-539f-4ded-a065-ae8eecd141c5,Toyota,Coupe,2005,5815.0,1.0,,Diesel,Black,17906
afd6c3dc-8a96-420c-b53c-35604bc3dac2,BMW,Truck,2019,,3.0,,Diesel,Black,37883
e8fc2186-e67c-4f84-8a5b-6a7e65fb3384,Ford,Truck,2014,22521.0,1.2,Automatic,Diesel,Red,18614
3720dba4-2c0f-44a9-a51a-3f1af31ae084,Ford,Truck,2013,45374.0,1.5,Automatic,Electric,Red,7594
2ec665a6-0354-4a3b-968b-36d382f417c0,Ford,Hatchback,2016,36320.0,,Manual,Hybrid,Blue,37731
149468fa-fb4c-47ae-b088-7226f0d21f2a,BMW,Sedan,2007,11756.0,2.0,Automatic,Diesel,Blue,7875
40ad293e-e8ce-4295-9a08-5f87e53fde2d,Toyota,Coupe,2016,163152.0,3.0,Manual,Hybrid,Black,26153
d2b736f9-ed25-4eb4-9c7b-70c24a03ed4e,Toyota,Hatchback,2016,185992.0,1.2,Manual,Hybrid,Blue,5627
e76f22c6-caeb-4680-b92d-000d1cf16e04,Honda,Truck,2013,16644.0,1.0,Automatic,Electric,Blue,9808
2dc02a05-ff43-437f-ba1c-0dc34d976ae4,Ford,SUV,2006,98256.0,3.0,,Hybrid,Silver,46052
11efd198-e5e3-4502-9b85-a87108f91f87,BMW,Truck,2014,33160.0,,,Electric,White,15268
1a899bba-7c99-4ffc-bade-6a17409996c2,BMW,Coupe,2022,135707.0,1.2,Automatic,Petrol,Silver,6207
8e1a9f4d-d364-4b18-b910-d998a6a45be1,Honda,Coupe,2022,63039.0,2.0,Manual,Diesel,Blue,18007
be9e0a80-56f7-49f8-9fc0-c6908839c10e,Chevrolet,Sedan,2021,,1.5,,Electric,White,34460
7092442d-bee1-497d-b4a4-cd4ef9ed6732,Ford,SUV,2000,160288.0,1.0,Manual,Electric,Red,43693
3b0b7780-4c26-4b7c-bbbb-49b728e9b89b,Toyota,Sedan,2008,178913.0,1.5,,Diesel,Blue,18994
cd4be43b-c846-4a63-9d69-f2faf0226732,Ford,Truck,2012,89004.0,2.0,,Diesel,Silver,15934
3dbdf4fc-1999-4d51-a103-c555f377fae2,Toyota,Sedan,2009,79876.0,3.0,Automatic,Hybrid,Red,24715
0d45f48f-99c9-44e6-b0f4-8125c03c5f63,BMW,Truck,2016,148619.0,1.2,,Diesel,Black,43066
ab68d1fd-4ec6-41b6-bdfe-6d5c5e2e2ff4,BMW,SUV,2016,184640.0,3.0,Automatic,Hybrid,Black,39452
54a5e54f-e655-4b2f-a49d-7c76c659a80c,Chevrolet,Sedan,2005,,1.2,Manual,Electric,Blue,18430
48cde93e-3eb2-42f5-88ad-e325b8dbf666,Ford,Hatchback,2004,104119.0,3.0,Automatic,Diesel,White,17393
5cafadfb-f676-4ada-aa14-2dfcbfcfd348,BMW,Coupe,2010,139006.0,1.5,,Hybrid,Blue,26474
d170bfb8-de1e-4c80-86e9-54394d1e2a91,Ford,Sedan,2005,112719.0,3.0,Automatic,Petrol,Silver,31368
aaee60a7-5f26-4eb5-9332-306f9f334abd,Honda,Coupe,2003,18269.0,1.5,Automatic,Electric,White,34986
01170d45-525d-4e84-b7e0-fbdf42b3a29f,Toyota,Sedan,2008,192215.0,,,Diesel,Silver,9905
a28c02c8-d8da-43b1-9629-e8c3a5054048,Toyota,Hatchback,2013,19014.0,1.2,Automatic,Hybrid,White,26582
89b8e3e9-dd5e-4c39-8906-cb150431dbe5,Chevrolet,Truck,2016,97840.0,,Automatic,Electric,Red,36008
824e2542-ff0d-4ba9-b204-36bd1926c039,Ford,Hatchback,2014,61085.0,2.0,Automatic,Electric,Black,34645
d3bbe755-91d1-44e0-b7f0-203abe18500e,Chevrolet,Coupe,2005,68930.0,1.2,,Electric,Silver,17710
aced6d32-5102-4eaa-b957-8273b94914de,Toyota,Truck,2011,193414.0,1.0,Automatic,Diesel,Silver,19118
79026f10-fb47-4699-a59d-e0644fe4122e,Toyota,SUV,2000,149012.0,1.5,Automatic,Electric,White,19103
5cf828dd-5775-4df6-aa4e-c157c81d20ca,Ford,Hatchback,2020,124748.0,2.0,,Diesel,White,14266
f36004c4-9a70-4a84-b081-ae2a7fa05a3c,Ford,Coupe,2022,,1.0,Automatic,Hybrid,Blue,38409
2ae1ca4b-640b-47a8-a7c5-45d4672d92f8,Toyota,Hatchback,2009,182998.0,2.0,Automatic,Diesel,Silver,12809
cdd064d4-02f2-41e4-b91d-22ef8af6d9db,Honda,SUV,2000,188528.0,3.0,Manual,Electric,White,19864
85fcbae3-8b93-47f1-ab0e-122046aaf909,Honda,Hatchback,2020,123221.0,1.5,Automatic,Petrol,Silver,41087
f62c6284-de87-43e3-9f2e-88de17b1b3ea,Honda,Coupe,2018,149973.0,3.0,Automatic,Hybrid,White,30778
19ff8e86-a4cb-4b8e-9716-f00ea2e5b76b,Chevrolet,Hatchback,2006,65252.0,,Manual,Diesel,Blue,6680
6487ffa0-4ca7-4226-8809-786db02b663b,BMW,SUV,2017,,1.0,,Electric,Black,49557
be531e5c-09a3-426e-896a-b207e5616b39,Toyota,Hatchback,2008,185367.0,1.2,,Petrol,Black,12511
88eda0a3-07f8-4232-b61f-ed488a1d86fb,Chevrolet,Coupe,2008,93245.0,1.5,,Hybrid,Red,6635
f3c9ff8d-9d07-44cc-b9a3-64196e73aa54,BMW,Truck,2000,,1.0,Automatic,Petrol,Silver,39103
eaf14889-465a-418d-b0fc-867ee386de0a,Ford,Truck,2021,,2.0,Manual,Diesel,Blue,27092
3ef6412e-c4b7-4ee2-b827-eca81cf4b5b0,BMW,Sedan,2014,158164.0,1.0,Manual,Electric,Silver,11224
5814cc1d-a24a-4c78-9648-a607b531e3e6,Chevrolet,Sedan,2005,171543.0,3.0,Automatic,Petrol,Black,35824
c44d6c88-7d2c-4807-8691-424d4d233835,Honda,Coupe,2006,157615.0,3.0,Manual,Hybrid,Blue,12862
b5ad7523-a6e6-4147-9e9b-e7b95f4123c0,Toyota,Truck,2021,,,Manual,Hybrid,Black,10418
5278c10e-31e9-4aca-bb25-6d637b3b47a5,Ford,Sedan,2022,101377.0,1.2,,Hybrid,Red,13375
d63b38e9-b1d2-4f23-9232-2de16a3d27fb,BMW,Hatchback,2001,6363.0,2.0,,Electric,Red,21761
9e773bd9-242e-44b8-ac5b-7d6a918b6bf5,Chevrolet,Hatchback,2013,153366.0,1.2,,Diesel,Blue,8979
71b33562-45fb-4710-b25d-594f29a020a9,Honda,Sedan,2014,192770.0,2.0,Manual,Diesel,Silver,45629
8c7f5cd4-5c91-4c2d-98f2-77fbc6e35dc3,Toyota,Truck,2004,,3.0,Automatic,Electric,White,45915
33654bfc-a1b1-471f-a20c-8d9fccc368d3,Chevrolet,SUV,2012,151585.0,2.0,Automatic,Electric,Silver,25848
9fd823f4-040c-4244-b838-ff7f4ebac87f,Chevrolet,Sedan,2008,,3.0,Automatic,Diesel,Silver,13166
a3d781c5-5ad9-46ea-a311-0dad932074af,Honda,Sedan,2016,114395.0,1.5,,Diesel,Black,32780
a6623e8c-f9cf-4858-ab4e-e4ae8160978b,Chevrolet,Sedan,2011,138210.0,2.0,,Electric,Black,36801
3503205a-c12d-40c8-ba1e-592fa57b0875,Honda,Coupe,2006,,1.5,Manual,Electric,White,43007
eb779244-27de-409f-a4df-7eeeb7ed63f2,Toyota,Coupe,2015,66591.0,,Manual,Electric,Black,26487
2f61fdee-9bb4-44ba-81ba-9591cab8ecb4,Ford,Truck,2017,29388.0,,Automatic,Hybrid,Silver,8090
f40fefb5-d6a0-4f6c-b214-2eaf72708eeb,Ford,Sedan,2016,8119.0,,,Hybrid,Black,10485
6505b3b5-563c-462e-8ba7-6e6194611bdd,BMW,Truck,2017,,,Manual,Electric,Silver,10015
dd8554eb-2d52-45a4-946c-9fd2fa4c7cca,Honda,SUV,2022,165976.0,1.0,Manual,Petrol,Silver,7235
5ffd2936-333a-450b-9ec2-b6dea900d697,Honda,Hatchback,2002,151538.0,1.0,Automatic,Electric,White,46812
499df8c0-9eb7-4759-8401-eb55f0ee1636,BMW,Coupe,2002,,,Automatic,Diesel,Red,22725
a4ffcdab-59b9-48b7-9cdf-3f380dfec82f,Chevrolet,Coupe,2002,9480.0,2.0,,Hybrid,White,39493
a9cb4a53-a02a-410e-90f9-4e2f90af99f4,Honda,Sedan,2008,6852.0,2.0,Automatic,Petrol,White,48576
0645a681-268a-4c8b-b063-06f511d7b6f2,Ford,SUV,2007,29671.0,1.0,,Electric,Red,18902
cf16fea5-b687-4dbf-9f8e-29099a21ae27,Honda,Hatchback,2013,158718.0,2.0,,Petrol,Red,34074
fa3c79e1-564c-41e7-8a75-2b84b42cd53a,Ford,Coupe,2013,23418.0,2.0,Automatic,Diesel,Black,8302
1053684d-50eb-4ade-92dc-ad532d5ace3e,Honda,Coupe,2015,186741.0,,Automatic,Electric,Red,35658
247959e7-47a9-4b0b-adc3-e5fd557609b8,Ford,Sedan,2009,61939.0,3.0,,Petrol,Silver,48874
3b30d039-65c6-4c53-aeaf-f83e819a2910,BMW,Sedan,2002,5005.0,3.0,Manual,Electric,White,29570
c718f5e6-cb81-4e7a-851c-4c2549066799,Chevrolet,Coupe,2013,100323.0,,Manual,Electric,Blue,28577
449e0f26-536e-4ee3-bccb-6737fb1eb9f3,Honda,Truck,2007,28507.0,2.0,,Petrol,Blue,16797
1b0db3b1-8223-4df9-8484-7088a2dfee52,Chevrolet,Hatchback,2018,9450.0,1.0,Manual,Diesel,Black,12309
390dfbcf-14ab-4b14-b00d-467e7597192d,Toyota,Hatchback,2022,172491.0,1.2,Automatic,Hybrid,White,39659
f08666ac-4e9e-4b83-a7ad-7c261f5e382f,BMW,Hatchback,2008,117063.0,2.0,Automatic,Hybrid,White,31136
c995e222-d1f1-44ae-b466-22ec8464c450,Ford,Sedan,2012,136616.0,3.0,,Diesel,Red,40884
5de26bd7-db04-4838-bf08-3c5e724eb444,Honda,Truck,2005,44361.0,3.0,Manual,Hybrid,Silver,12672
2538e12a-8d77-4a90-9a59-41b27ffd8640,Honda,Truck,2003,129116.0,3.0,Manual,Petrol,Silver,28369
1a9f6521-9e19-4043-ab97-9cf2b4c9dc99,Ford,SUV,2016,58476.0,2.0,,Petrol,White,31431
0dfc5cfe-8a3a-41ee-a2ec-318c23583c39,Honda,Truck,2017,,,,Petrol,White,12708
3aa4d4ae-dbb0-4dfd-b720-f993603e202b,Toyota,Sedan,2018,176887.0,1.5,Automatic,Hybrid,Red,17295
57cd2493-0a97-48dc-9e83-2c746adf4e16,Toyota,SUV,2011,168954.0,2.0,,Petrol,White,10604
898bb7fa-65eb-4518-afb7-6b2f92c798d2,Honda,Coupe,2014,192726.0,1.5,Manual,Petrol,Silver,8689
9412021e-7e83-4974-84e6-fb716a171448,Chevrolet,Truck,2008,181908.0,3.0,,Hybrid,Silver,47699
d36ca841-6662-4053-adde-251d7db6432b,BMW,Hatchback,2007,,3.0,Manual,Diesel,Black,48427
04ec1f06-5c83-4044-bd4a-0b016047e85f,BMW,Hatchback,2001,135620.0,1.2,,Electric,Blue,47489
050fcfc0-308e-4fb9-8c37-90f792ad7fc3,Toyota,Truck,2001,122864.0,1.5,,Diesel,Black,29413
c2c5c0fa-ac6c-424c-9dd1-eacd6bcfe4ac,Chevrolet,Coupe,2008,64205.0,2.0,Automatic,Petrol,Silver,39827
9d56ab3a-5b9f-4bda-9778-c009135e35f0,Chevrolet,Sedan,2016,112576.0,3.0,Automatic,Hybrid,Black,9735
750e093f-58b4-4919-ad8a-2af1a1718d6d,Ford,SUV,2018,149595.0,,Manual,Hybrid,Black,8583
cd53eaa3-11b4-47fa-bf99-551f0f7b5f25,Ford,SUV,2011,79332.0,1.5,,Hybrid,Black,6509
36930322-7e64-4c5d-b7c9-d4fc971c8d89,Chevrolet,Coupe,2018,,1.5,Manual,Diesel,White,21033
bda720da-58c1-46b5-ab05-b6f785896960,Ford,Coupe,2000,,1.5,Automatic,Electric,White,26179
323fa2ee-8e7e-4eb6-9401-5ff1dac7678b,BMW,Truck,2000,184735.0,3.0,Automatic,Electric,Red,17320
1ae2849f-f0eb-4c4e-8399-e5c87e619ced,Chevrolet,Coupe,2006,109917.0,1.5,Automatic,Diesel,Black,22464
bc141f55-9dda-44fa-b51b-9073f6ad424f,Ford,Sedan,2019,44296.0,1.5,Manual,Electric,Black,21941
9f8232c7-817a-4597-8bd8-c030a9a174d2,Chevrolet,Hatchback,2022,132112.0,1.0,Automatic,Hybrid,Blue,28005
d63d3317-33d1-4bde-b3a3-e2d4bac6563e,Ford,Coupe,2011,84466.0,1.2,Automatic,Hybrid,Silver,6478
71077b00-93ed-425e-a35b-0eff0be6a08a,Chevrolet,Coupe,2007,,1.5,Automatic,Petrol,Red,26333
9eeffdc1-93ce-4ac1-8ac8-47fa92a42049,Toyota,SUV,2000,33190.0,3.0,,Diesel,White,36798
a2e89abe-c4cb-4fa4-aa88-f9b3899a24b8,Ford,Truck,2000,79567.0,1.5,,Diesel,Blue,8142
9963a319-c213-474e-9d78-a406c9afe256,Honda,Coupe,2016,21592.0,2.0,,Hybrid,Black,11797
a1ca9419-e871-42d5-b803-d493d0cdad17,Chevrolet,Truck,2000,106474.0,1.2,,Hybrid,White,17987
94e44cb9-101b-41f3-ae43-96f39fbb510e,Ford,Sedan,2014,144016.0,,Automatic,Hybrid,Blue,21246
1e78b0fa-a422-43d9-b69e-bfb06dc3601a,Ford,Hatchback,2016,153733.0,1.5,Automatic,Hybrid,Silver,14257
38750964-ff63-4004-b0c2-37009333a3b3,BMW,Hatchback,2006,8027.0,,,Hybrid,Black,26917
4caa31d9-89a5-4497-9ca1-c634eb6e57e0,Honda,Truck,2009,190114.0,2.0,,Petrol,White,18425
1f294867-9fa5-42e1-8dbb-e2f481680edd,Ford,SUV,2018,94312.0,1.2,Automatic,Hybrid,White,31507
09876532-7bdd-454f-9952-4ee0d8856f13,BMW,Coupe,2020,68253.0,1.0,Manual,Electric,Red,37696
81cffc87-da4d-48ff-b180-54e5101c95b1,BMW,SUV,2020,95255.0,2.0,,Electric,White,46086
3fc7df0a-7d9e-492a-ac69-e926c517651a,Honda,Hatchback,2003,,,Manual,Hybrid,White,31394
8ff20525-341b-4805-aed4-25c6348b4920,Ford,Truck,2000,,3.0,Automatic,Diesel,Black,7909
869481f7-9dab-4f38-ae5e-2dadac1d26b6,Toyota,Truck,2007,28364.0,3.0,Manual,Hybrid,Red,30557
7670b1ef-2089-4312-961e-262dd8a76d6f,Honda,Coupe,2020,,,Manual,Hybrid,White,15577
00fe37bc-9a30-4672-9a10-02df6c979db4,Toyota,Truck,2001,146662.0,1.5,Manual,Electric,Red,21243
97f5afa0-8cf6-4f8c-8c3a-b118ca7fee82,Chevrolet,Truck,2011,186158.0,,Automatic,Electric,Red,6065
8df44817-cc09-4c49-b64f-e700840e0385,Ford,Coupe,2017,141952.0,1.5,Manual,Diesel,Silver,7744
49f6dbf4-1f24-4bcb-8ef3-1469451cc0d4,Chevrolet,Sedan,2002,179909.0,,Manual,Petrol,Black,46152
5235093c-95b9-4f86-9abb-c79e179b7c0d,Chevrolet,Coupe,2014,25825.0,2.0,Automatic,Electric,Black,47750
d6ef6484-fa45-4104-af10-06bfe248f06c,Chevrolet,Sedan,2002,26594.0,1.0,,Electric,Blue,13759
ead0df66-61a1-4cfb-b6b1-74479da655b5,Honda,Coupe,2007,15561.0,3.0,,Diesel,Blue,38121
1fcfc23d-1b9e-4ca4-853c-e5beeba996f6,Chevrolet,Sedan,2013,,3.0,Manual,Diesel,Silver,6221
3907e594-9550-49a4-99bf-f54d82c1606e,BMW,Hatchback,2004,124742.0,3.0,Manual,Hybrid,Red,31683
54392efd-0389-48a5-a70b-1549b0e4eea1,Ford,Truck,2008,81992.0,1.0,Automatic,Hybrid,Black,42154
c85ece34-c14a-4992-b9c5-3f0753bee9a5,Chevrolet,Truck,2011,85854.0,3.0,Automatic,Electric,Red,31454
ac5c7855-cf9b-418f-aedd-d29b87cd9e9a,Honda,Hatchback,2007,,,Automatic,Diesel,Red,10081
b081bee7-3aa1-43f4-993b-a904dc8bec9c,Toyota,Coupe,2020,125230.0,3.0,Manual,Diesel,Red,21034
a08d5e96-e79a-4ab2-b111-25e774736952,Chevrolet,Coupe,2005,151490.0,2.0,Manual,Petrol,Silver,26619
c83cf895-3879-4db1-b68a-550d2d7c7232,Chevrolet,Hatchback,2012,115581.0,1.2,Automatic,Petrol,Red,36524
862092cb-b820-4168-94e3-1e87d3f1d4d8,Ford,SUV,2000,63937.0,1.0,Manual,Diesel,Red,32535
f9f2b71f-d9f1-4238-9da0-04997efcf484,Chevrolet,Coupe,2002,98309.0,2.0,Automatic,Diesel,White,25309
919121bf-2d6c-40c7-8ae4-159efbaf2f83,Ford,Sedan,2008,88599.0,,,Petrol,White,37579
582f796a-566f-45fb-92e3-1c6bec845325,BMW,Sedan,2012,181293.0,3.0,Manual,Electric,White,13597
727aca9a-562c-4048-979d-a23da88cfc55,BMW,Hatchback,2006,191694.0,3.0,Manual,Electric,Silver,29873
7aa645e7-2ea5-4598-93f8-8914f9b15c5b,Chevrolet,Coupe,2013,87069.0,2.0,Manual,Electric,Black,28117
b84b9023-6fe2-4e93-acde-e23d07a585eb,Chevrolet,Truck,2020,148055.0,1.5,,Petrol,Blue,14177
06462f10-b84b-4fdc-9b2b-9e8b02a86fc3,Toyota,Sedan,2018,11603.0,2.0,,Diesel,White,14947
8d08d98a-889c-4a93-ba59-a2480110f53e,Ford,Hatchback,2018,17846.0,3.0,,Hybrid,Silver,45596
b7d381d4-a81d-4d0f-9846-d8ab1dfd901a,Honda,Hatchback,2001,24857.0,1.0,Automatic,Electric,Silver,35041
95a7b44f-5c5c-4c43-8ca6-81b2deb9b41c,Honda,SUV,2009,146120.0,,,Diesel,Blue,42370
4572d60b-18f9-44c0-8cb3-1bd70a155c21,Ford,Hatchback,2006,,1.0,Automatic,Electric,Silver,17205
0bfb10e6-7ba9-4ac9-89f0-be5a6e0d2243,Chevrolet,Sedan,2019,66338.0,,Automatic,Electric,White,19264
cc0cb4d8-b5d6-4850-8a7d-8bddf76184d0,Toyota,Coupe,2016,,2.0,Automatic,Hybrid,Red,44800
50a25261-1e86-48a0-9de6-ce54272024d5,Chevrolet,Sedan,2007,49188.0,1.2,Automatic,Electric,Black,36213
8c094815-8517-4418-837e-f8fe52934549,Toyota,Sedan,2018,67901.0,1.5,Automatic,Diesel,Red,13474
f6370949-bdbe-4a71-b174-0a6607cb2a66,BMW,Hatchback,2004,39193.0,3.0,Automatic,Electric,Black,10752
222fb8f2-0fc3-47f3-b26c-31b830cf638d,Honda,Truck,2003,,,Manual,Petrol,White,14514
4b6a1f54-d926-4705-9b4e-e17352da6f3c,BMW,Sedan,2018,82927.0,1.5,Automatic,Hybrid,Red,24325
7079ed60-88b1-41f7-a695-54b7b8ab90b9,Toyota,Truck,2020,25538.0,,Automatic,Diesel,Red,6923
797f59d8-361e-4a81-90ba-a8a241155770,Chevrolet,Sedan,2003,109242.0,,,Petrol,Blue,42602
79b53541-6c4c-4824-9c22-9c6b69573283,Honda,Hatchback,2008,100816.0,3.0,Automatic,Electric,Silver,8719
fde8a9fb-a41d-4474-b8eb-d73186765520,Chevrolet,SUV,2000,109978.0,,,Diesel,Black,36550
ccffccbd-bbe9-47cd-aaff-42d1a7b9e894,Ford,Sedan,2001,67261.0,2.0,Automatic,Hybrid,Red,13587
9ad1b6a2-bcef-4c36-abd0-c6712230e988,Toyota,Coupe,2013,11509.0,3.0,Manual,Diesel,Red,23674
457acf99-34e3-42bd-a612-2ebaee6ef070,Honda,Truck,2017,63565.0,3.0,Automatic,Hybrid,Silver,24983
c8449d19-605f-4eca-b88f-ff4b4c4b7c06,Ford,Truck,2008,177735.0,3.0,,Diesel,Blue,37975
7efd7f9f-584e-4e5f-a22b-41edb1c06f16,Ford,SUV,2007,27015.0,1.0,Manual,Hybrid,White,43929
70944d5e-01d3-45f2-bc8d-b80b3bc6fd51,BMW,SUV,2002,13813.0,,Automatic,Hybrid,Black,11501
d7aa07ff-0ec1-4097-a40d-0a7eeeb063bf,Chevrolet,SUV,2008,44396.0,,Automatic,Diesel,Blue,18431
d871ce9b-2f8b-4e43-a852-e24708049550,Toyota,Coupe,2019,46498.0,1.2,Automatic,Petrol,Red,47244
4fa5901f-7232-4126-94ac-7760dfd37479,Honda,Hatchback,2020,,1.0,Manual,Electric,Red,12768
a5dd87c1-64c7-43d2-b01c-2d02d6d4d448,BMW,SUV,2004,172009.0,1.5,Manual,Hybrid,Silver,45943
0f3cac68-de80-4d23-9c39-ff458ec56823,BMW,SUV,2010,,2.0,Automatic,Diesel,White,44907
43a21154-c112-45cf-b7a2-21abe57d230b,Toyota,Coupe,2009,156035.0,1.0,,Electric,Red,18250
1dc77767-cedc-43df-963a-a1220d7cc895,Toyota,Truck,2015,88683.0,1.0,,Hybrid,Silver,41586
6a303aba-24df-4588-b64d-d18b5a40a583,Honda,Coupe,2002,60108.0,1.5,Automatic,Electric,White,21434
2e74566f-0dce-419d-9b32-6a8ba2c7adcd,BMW,Sedan,2017,28635.0,1.5,Manual,Hybrid,White,37554
d4687541-9104-48fe-8040-313617cd6b75,Honda,Hatchback,2001,,3.0,Automatic,Electric,Black,46228
9c4d9ef6-1932-49fd-96b7-79d4341a21d0,BMW,Hatchback,2013,59373.0,,Manual,Hybrid,Blue,30966
e1f1ade5-cb99-4140-ad46-6bba9aea9250,Chevrolet,Truck,2014,144935.0,2.0,Automatic,Hybrid,Silver,27146
c7050caf-f86f-4e28-9d0a-8c295b388eae,Chevrolet,Sedan,2018,31682.0,1.2,Automatic,Petrol,Blue,18805
60b7e5cf-3219-456a-9ee9-a30e9b442806,Ford,Coupe,2007,80934.0,1.0,Manual,Petrol,Silver,40312
bbe3717a-17b5-4eaa-ac5c-4f6575059e86,BMW,Sedan,2018,,,Automatic,Hybrid,Silver,23009
96cf0c08-36d7-476c-af6f-694da192e956,Ford,Hatchback,2010,66260.0,1.5,Manual,Hybrid,Blue,30143
91aaaf1c-3a2c-4e8d-aec3-755e16d48b67,BMW,Sedan,2003,81683.0,1.0,Automatic,Electric,White,12954
b6388c1b-aaf4-4e64-814b-d0d951324fc9,Ford,Hatchback,2016,32661.0,1.0,Automatic,Electric,Red,47642
67b1a1c8-afd3-4370-ada1-88beae831993,Chevrolet,Hatchback,2009,,,,Hybrid,Blue,42510
7e939328-3a38-4b52-8d12-1b204dc0500a,Toyota,Coupe,2014,35132.0,1.5,Automatic,Diesel,Black,36320
a949be48-8559-4751-8a49-045112a5828b,Toyota,Hatchback,2009,92427.0,2.0,Automatic,Petrol,White,20466
0079e2fb-e913-4c64-a76b-7b60c2817d66,Toyota,SUV,2004,149600.0,,,Petrol,Red,8517
029982d4-b2b4-465d-8add-2ec7a3a0c080,Chevrolet,Hatchback,2000,163916.0,1.0,,Hybrid,Red,22584
b0ebcc97-da42-4952-be8c-0cd69557d174,Honda,SUV,2018,105344.0,3.0,Automatic,Diesel,Black,37131
b6839f11-e45d-4f48-8f6e-dcf888c97134,Toyota,SUV,2019,2923.0,,Manual,Petrol,Silver,11587
c27bc4b2-24f7-48be-9ec2-6f19db7b5607,Chevrolet,Truck,2005,84762.0,1.2,Automatic,Hybrid,Blue,30292
d153d51f-2c90-4139-9983-2910fbb5ab0f,Toyota,Coupe,2003,7211.0,2.0,,Electric,Silver,34987
fc9b5da1-4522-4ce3-aa36-c0be4db19268,Ford,Truck,2017,85598.0,1.5,Manual,Petrol,Red,7900
eb1c78a5-e79f-43aa-a51e-3c2b2bcbc8c8,Honda,SUV,2018,179644.0,1.2,Manual,Petrol,Black,10622
1e2732d2-8e41-4303-a91e-19d618d657df,Toyota,Hatchback,2019,183422.0,2.0,Automatic,Hybrid,White,13016
7c9cdefb-4359-46dd-bd1e-853ee9509b27,Ford,Hatchback,2006,146998.0,2.0,Automatic,Hybrid,White,44854
693d16ba-4359-4230-959c-df84cd19e26d,Honda,Truck,2009,,1.0,Automatic,Diesel,White,29185
3e020397-b82f-4648-ae9f-c4c538bd8b3f,Honda,Coupe,2005,171567.0,1.0,,Diesel,White,34438
8c3e2e55-f9df-4d05-a565-53367ea39867,Ford,Sedan,2013,166651.0,3.0,,Petrol,Silver,5153
3810f01d-8390-4dd5-9fff-669a7a99535b,Toyota,Coupe,2020,48604.0,1.5,Automatic,Diesel,Blue,40381
82331ac8-7edf-49d2-a26b-c0d76a2bf7a5,BMW,SUV,2011,122675.0,1.5,Manual,Diesel,Silver,42932
0d543cd4-896a-4dde-a879-224c018f651a,Chevrolet,Sedan,2009,180569.0,1.2,Manual,Hybrid,Black,16922
2daae36d-e55a-4909-9e17-500b51196384,BMW,Hatchback,2001,99419.0,2.0,,Electric,White,18909
70f1cfd7-aada-4fca-b2b5-03349a750c2f,Honda,Sedan,2008,53612.0,2.0,,Hybrid,Silver,26946
b2d7daa0-8cf7-47e3-bff6-b66d5b30d727,Honda,Truck,2015,177203.0,1.5,Automatic,Electric,Black,11788
f56f6cad-cc58-4d4b-a95c-1c81d84e5bf6,Honda,Coupe,2014,124606.0,1.0,,Hybrid,Blue,41158
ae1b4dda-5954-4b83-a361-775bcc0d4bf5,Ford,SUV,2015,148220.0,2.0,Manual,Diesel,Black,20771
51cc91eb-adf1-4458-b295-ef123dd9d6dd,Honda,Sedan,2013,102506.0,,Manual,Diesel,Black,48852
284d3774-d339-4111-93df-8ef2ce13e7b9,Chevrolet,SUV,2017,39014.0,3.0,Automatic,Electric,Red,11178
276a5126-f4f1-468b-83b2-c1997cf64cf0,Ford,Sedan,2004,190729.0,2.0,Manual,Petrol,Silver,24917
a9b7818e-339f-43bc-81bd-9b3c9f4b4986,Chevrolet,Coupe,2008,,2.0,Automatic,Diesel,White,36555
a58bc845-a1e7-45b9-92a5-321b5e4c26df,Toyota,Truck,2016,14223.0,2.0,Automatic,Diesel,White,26660
9a8694a5-07bc-4fb4-98fb-5821cc8ada5a,Toyota,Truck,2009,110286.0,1.2,,Electric,Red,27878
9b0be2f5-87cc-4ca6-81b8-e41129919166,Ford,Coupe,2002,8022.0,2.0,Manual,Petrol,White,32094
6938aa49-9a8e-4a47-bd84-817cc6856b73,Chevrolet,Hatchback,2015,,1.2,,Electric,Black,19757
fdda246c-90ad-4a32-b8db-1b2292ecda0d,BMW,SUV,2008,99869.0,1.5,Manual,Petrol,Red,18822
cd552a04-55d4-4134-83ce-72110e68e4c3,BMW,Hatchback,2012,24399.0,,Manual,Electric,Black,21913
0c059ae7-5409-4250-9329-27464ce84122,Toyota,Sedan,2005,146999.0,2.0,,Diesel,Blue,27641
85f6f0ad-3b4f-4018-8096-eb14f05e21cc,Honda,Hatchback,2004,13707.0,1.0,Automatic,Electric,Red,9758
968d123e-ef1e-471d-906f-b3642f9fd5b0,Honda,SUV,2002,,1.2,Manual,Electric,Silver,20913
36d57037-bfa8-4e58-b235-a0a313617c2a,Toyota,Truck,2012,30119.0,3.0,Manual,Hybrid,Silver,40903
5b925b9b-d201-4d81-81fd-2469b8fc0f53,Toyota,SUV,2016,,1.0,Manual,Electric,Red,15732
e7441062-2b9f-4cfe-bf51-c2c24d314515,Honda,Sedan,2018,186333.0,1.0,Manual,Hybrid,White,47117
46a0b32a-f6a5-4a0a-b102-810a064525bc,Ford,Truck,2014,145240.0,3.0,Automatic,Electric,Black,13174
7c95cf70-59a7-4c45-924b-810bc18b8243,BMW,Hatchback,2000,89559.0,2.0,Automatic,Diesel,Red,25320
8bca3706-2a27-4375-beba-e3283b3f7f44,Chevrolet,Sedan,2021,,3.0,Manual,Diesel,Silver,24136
5cc000ae-9359-4321-91a1-a62067d495bf,Ford,Truck,2000,11321.0,1.0,Manual,Petrol,Black,14096
acb0f838-8133-4331-8178-9a48cb38aabb,Honda,Truck,2007,74536.0,1.2,Manual,Diesel,Silver,39865
1c78e455-7e61-4477-856a-fcbda207abd8,Toyota,SUV,2009,87732.0,1.2,Automatic,Petrol,Red,41665
23456250-ab7f-40de-b873-00d03afef722,BMW,Truck,2021,194223.0,1.0,Automatic,Hybrid,Blue,26217
b5dd54c3-9a44-4c46-9cb7-46f880d8b4ca,BMW,Truck,2011,,,Automatic,Petrol,White,20550
a18f88c7-25f7-4853-8f75-8f1b823af7ae,Honda,Sedan,2017,112872.0,2.0,Manual,Diesel,Blue,28899
245a2659-f45d-4381-aea6-fb40c47de9ec,BMW,Truck,2011,159871.0,1.0,Manual,Electric,White,34609
451a87bc-9245-4b18-b00f-ed684705c252,Honda,Truck,2021,24439.0,1.2,Manual,Petrol,Silver,13068
2d252ae5-a1d0-4a5a-8a7e-abb07a73e5fc,Chevrolet,SUV,2009,136047.0,3.0,Manual,Diesel,Black,21101
03461132-4c55-48ce-8c8e-48375a9bda86,Ford,SUV,2013,3723.0,1.2,Automatic,Diesel,Silver,49342
b5145ac2-35f3-4c71-a9b0-1efdab5df6db,BMW,Truck,2011,56098.0,1.2,,Petrol,White,19826
b0c6a007-53a8-441e-afa4-196bbe80ae90,BMW,Coupe,2002,46532.0,,Manual,Petrol,Red,31192
e8da2018-d49e-42fb-8490-55cb5c5f1343,Toyota,Coupe,2009,164377.0,1.0,Automatic,Petrol,Blue,49407
b43a9e22-4432-470e-b2ff-4e13316d5d57,Toyota,SUV,2013,156520.0,3.0,Manual,Electric,Silver,29076
d66b13bc-5a89-46fd-8eeb-0698140bb10f,Toyota,Coupe,2015,8057.0,3.0,Automatic,Hybrid,White,27764
7af74e61-66a2-402e-891d-3d39c1b30b8a,Ford,Hatchback,2019,,3.0,,Petrol,Red,44543
02828d3d-5b8d-4d79-aacc-ad04b3ff862e,Toyota,Truck,2003,129922.0,1.0,,Hybrid,Blue,11842
bfe8b0cb-4b40-4cf6-bfe5-d8115708dcdc,Honda,Truck,2022,163543.0,3.0,,Electric,White,39991
b251eb0d-64e8-4eb1-a679-aa12b623f112,Honda,Sedan,2013,149510.0,2.0,,Hybrid,White,33850
1af616d4-7d25-4461-a565-f82a56286357,Chevrolet,Hatchback,2012,39692.0,3.0,Automatic,Electric,Black,37618
c1e4ba4a-934e-416f-af0e-eebf8ea791ae,Toyota,Sedan,2002,105092.0,3.0,Manual,Electric,Black,32681
73f0b5f0-5204-4f29-a334-7d6bb3e763e5,Ford,SUV,2002,2291.0,1.5,Manual,Electric,White,27477
416ab1a3-38a5-4875-b648-c53ddbfa0f67,Ford,Sedan,2005,190407.0,1.2,,Petrol,Red,31280
a75cf44b-4259-40d9-9b2e-6b64606ea21c,Honda,Sedan,2019,94251.0,3.0,Manual,Petrol,Blue,19981
aaa80a13-0816-4882-bd41-793f53e0ab08,Ford,Sedan,2003,85425.0,2.0,Automatic,Diesel,Black,28166
01dc1fdc-71e8-439f-9c01-4c4da068f9e9,Chevrolet,SUV,2020,,2.0,Manual,Petrol,Red,21158
56527602-ce96-4547-b993-f7bc393ff83f,Honda,Truck,2014,50599.0,,Automatic,Hybrid,Red,45523
8ecf364d-7043-41de-b6c6-b35cd6f1b32a,Honda,SUV,2019,179418.0,1.0,,Diesel,Red,36748
d5aac36d-74b8-47fa-ac0c-8ba2bb0874a7,Honda,Truck,2018,176095.0,1.2,Automatic,Diesel,Black,44122
8fb95f47-1c94-442f-a301-fff92e1f5f3a,BMW,SUV,2004,,1.5,Automatic,Hybrid,Red,31780
692e4b9e-e1bd-4906-9dba-e9c260563d01,Ford,Truck,2008,1438.0,,Manual,Diesel,Blue,24464
98fa85b5-1dbb-45f9-a290-e6b21ede54ed,Chevrolet,SUV,2017,117384.0,3.0,Automatic,Hybrid,Silver,22447
c7a7c5f6-5252-473d-aa16-0dc73543bed8,Toyota,Coupe,2009,,1.5,,Diesel,Black,34723
18e5110c-bc25-4114-bcf0-e88eebb21581,Honda,Truck,2021,70938.0,1.5,,Electric,Black,11947
0b3faedd-b54c-4cbd-a0fd-3b1f894c129d,Chevrolet,Sedan,2000,,1.5,Automatic,Hybrid,Silver,47787
34b38ff0-4143-40ec-a68f-f226d1c32eb4,Chevrolet,Coupe,2004,24701.0,3.0,,Electric,Blue,5389
abaab1ba-b7ee-4db0-9b51-e3101fb79ed6,Ford,Coupe,2004,114411.0,1.0,Manual,Petrol,Red,29711
f33cf573-19d1-4d63-9249-26c6dc9ea825,Chevrolet,Hatchback,2011,178554.0,1.2,Manual,Hybrid,Silver,22964
145e54b8-25cd-4e0b-9baf-4fe3f79a1eb4,BMW,Truck,2020,,1.0,Manual,Diesel,Black,49376
0b140731-d4cd-4be8-bb3b-ef35529faa62,Honda,SUV,2010,170358.0,1.5,Manual,Petrol,Silver,20743
0978893f-aba5-439c-8c79-4f13d3feb6b2,Ford,Coupe,2001,163469.0,1.0,Manual,Petrol,Blue,16985
c4b76b57-aa3d-4697-9ea7-d493ab902835,Ford,Truck,2007,,1.2,,Diesel,Black,18813
ac6c4d77-45a5-4fb2-9466-077e1b4a59f8,BMW,Truck,2011,107112.0,1.5,,Electric,Blue,15179
224e8512-6e37-4430-b9b4-3b800f96c074,Honda,Truck,2015,138805.0,,Manual,Electric,Blue,23755
62067703-ca33-4d64-a63e-2e5efa36b3f6,BMW,Truck,2021,27169.0,,,Diesel,Black,32310
d5283bee-a4a8-4b0d-bae9-aecb9215768b,Ford,SUV,2004,,1.5,,Diesel,Blue,15870
4ab1bf53-db25-4be0-a480-990f55b7f832,Toyota,Truck,2010,57839.0,1.5,Automatic,Hybrid,Blue,29745
4075e084-76fd-451a-8905-b92fe45042a1,Ford,Sedan,2011,,3.0,Manual,Petrol,Blue,18954
eee139b2-76c7-4632-944b-8d482a82e79c,Chevrolet,Truck,2003,76850.0,,Automatic,Hybrid,Blue,38123
c788c6df-01d8-450f-9ad3-7d9f77e23c1d,BMW,Sedan,2000,114405.0,3.0,Manual,Diesel,Blue,48191
72a6a353-465c-49ba-badb-aebd11072f22,BMW,SUV,2020,122826.0,1.0,,Hybrid,Blue,49050
20f33757-e1d5-4bbf-9352-85d0acf66cb7,Toyota,Coupe,2004,114231.0,1.5,,Hybrid,Red,29101
ee508847-f1c0-4428-80cc-a32aa705695c,Chevrolet,Truck,2000,132868.0,1.0,Automatic,Diesel,White,31184
479f19c3-86e4-453f-abe9-ab86b4a031b7,Chevrolet,Coupe,2016,6271.0,1.5,,Hybrid,Blue,6767
562396d5-97c1-43f6-9ffa-8395e841acb9,Honda,Truck,2005,,1.0,,Petrol,Black,9715
aec3d68d-d936-41c9-8169-5f0221aa316b,BMW,SUV,2004,193619.0,1.0,Manual,Electric,Silver,19788
933571a0-4478-41b5-b10a-d734236c9620,Chevrolet,Coupe,2002,2623.0,3.0,,Hybrid,Black,31742
8c5cbd25-5fec-460c-a9d5-db0b3e1494b1,Chevrolet,SUV,2000,83534.0,3.0,Manual,Petrol,White,48672
fc0a29b4-9d9e-4714-8226-56156ef2c792,Chevrolet,Coupe,2002,188032.0,1.0,,Petrol,Red,19169
7480a1f1-98fb-4096-8340-240e9c4573e7,Toyota,Sedan,2010,86185.0,2.0,Manual,Petrol,Red,43251
e66a560a-c6a8-4f5b-a3e8-cf18638b55e2,Toyota,Sedan,2012,150144.0,,,Petrol,White,37403
0871a781-2587-434d-a7ec-d2850d8752c6,Ford,Sedan,2021,41975.0,3.0,Automatic,Electric,Silver,40633
8af77a11-246e-45d7-b935-635ed128251a,Toyota,Hatchback,2005,176946.0,3.0,Manual,Petrol,Blue,23842
447abc63-e65b-4e7a-ad8d-0312584e9c96,Ford,Hatchback,2017,12317.0,,Manual,Electric,White,13327
3551668b-5c69-47fa-9135-cf6e6172c06f,Toyota,Sedan,2000,,2.0,Manual,Electric,Silver,31880
c3cdd088-4c75-437c-b022-4b78a95f43a6,Ford,Truck,2005,151758.0,1.5,,Diesel,Silver,36315
c1d2206c-5cb9-4ae5-81d0-f156c218938d,BMW,Truck,2019,96508.0,1.5,Manual,Electric,Blue,39347
a9df7bf3-cc80-4d9f-b5b5-220b3d4c5e7a,Toyota,Coupe,2017,113592.0,,Automatic,Electric,Red,20157
4899f639-036a-4ac1-9cb6-6a5e9f875730,Chevrolet,Hatchback,2016,70925.0,1.5,Automatic,Petrol,Black,27463
785e39a0-b44f-48cd-9696-87002607ddc7,Ford,Coupe,2011,75230.0,1.2,,Electric,White,18641
4a09ef1d-7729-41ad-904c-c030b7fa0d76,BMW,Truck,2003,123480.0,2.0,Manual,Electric,White,49414
c709c8a5-aa74-45d5-9bfd-c5f859d2d86a,Chevrolet,SUV,2008,153431.0,3.0,Automatic,Petrol,White,39706
82a9c58f-c5fb-47b3-b69b-fe553c80345b,Chevrolet,Sedan,2008,186708.0,1.0,,Diesel,Blue,45487
e4f4d61e-890b-48df-aa51-18698ceb50ed,Chevrolet,Hatchback,2015,139560.0,1.0,Automatic,Diesel,White,41718
83e44e91-bd6e-4d0e-9739-bab25409e44c,Toyota,Hatchback,2000,172060.0,3.0,Manual,Petrol,Blue,42000
75bf13a2-321a-450f-88de-1e380f0b16da,Ford,Coupe,2000,121040.0,,Automatic,Hybrid,Red,33874
0f8e37b6-71cc-4d09-ab0c-f14117fa8900,Ford,Coupe,2014,141566.0,3.0,,Petrol,Silver,10569
70d3bfc8-0db0-4f34-887f-2b5c012ea0c3,Honda,SUV,2019,154007.0,1.5,,Petrol,Black,21508
1e68a287-db1e-478e-8707-2df17eaf3d9e,Chevrolet,Coupe,2014,27845.0,1.5,,Electric,White,45109
d9e1ffb1-df28-411e-83c7-657f6b147e4b,Chevrolet,Sedan,2019,54466.0,,Manual,Diesel,Black,46781
93106a82-681a-41b7-a980-1defc8e18708,Toyota,Truck,2007,3380.0,1.5,Manual,Petrol,Red,49618
b0add85b-11eb-4488-9497-a50504cbc644,Chevrolet,Truck,2015,,1.0,Automatic,Electric,Silver,24438
2020f16e-97e9-447a-93c2-8c1a3ae74229,Toyota,Truck,2010,,3.0,Automatic,Hybrid,Red,44028
39e100e2-b966-4cfa-9ba7-6aca2c6871da,Chevrolet,Coupe,2015,34470.0,1.5,Manual,Petrol,Red,26771
460c4526-7316-4b35-b059-e07e42e18585,Toyota,Truck,2014,49674.0,1.5,Manual,Diesel,Black,35348
85076e6f-b274-4aec-83ac-3f12178f9202,Ford,Hatchback,2015,29890.0,1.0,Manual,Electric,Black,39297
ac9d7a91-fe60-447b-be42-76997dc7bf0e,Chevrolet,Hatchback,2016,155971.0,1.0,,Diesel,White,33042
f9c78f7c-4468-4910-aac6-7f837e59f44b,Chevrolet,SUV,2013,27870.0,1.5,Automatic,Diesel,Red,8123
99eb29cf-dc91-4ae6-a9eb-8294c698aebc,Honda,SUV,2012,,3.0,,Hybrid,Red,21059
c69b2f49-6785-47f6-9456-52ae3eba855b,Honda,Sedan,2014,95065.0,1.0,Manual,Petrol,Silver,29922
c3a93d11-fb7f-4128-8cf3-fde7fc03bfb0,Chevrolet,Sedan,2015,58787.0,1.0,Manual,Electric,Blue,42077
1e79efd0-b051-4ea5-8ab6-25c13c397a31,Ford,Hatchback,2012,160165.0,1.2,,Diesel,Blue,17350
579121a5-a9bb-4f36-8b5e-b10c00707b2d,Chevrolet,Truck,2012,,1.5,Manual,Diesel,Black,15776
bcf5a1ef-a353-4edd-8862-c775bf8f1754,Honda,Coupe,2001,41365.0,2.0,Automatic,Hybrid,Blue,11589
558c3ef8-0ba5-4a61-a3d1-08a0c42f98cb,Honda,Coupe,2013,44777.0,1.2,Automatic,Petrol,Red,39140
413e442b-0b81-4a4c-9ef4-c096fb2b7675,Toyota,Truck,2002,155888.0,1.0,Automatic,Diesel,Black,11691
b7399a4c-bc77-476a-a7b8-7da5d26b70c1,Honda,Coupe,2011,30544.0,1.2,Manual,Diesel,Silver,35181
4a70e8ba-e960-480b-be76-d0bdecf8ab9f,Ford,Sedan,2005,45052.0,1.2,Automatic,Petrol,Blue,25539
50d95f1c-2691-4c4c-9294-b50c792f71fa,BMW,Sedan,2007,88901.0,1.0,Automatic,Hybrid,Silver,35934
a72f7270-ed26-467f-9d08-f9516410df86,Chevrolet,Hatchback,2013,,2.0,,Diesel,Black,16741
7d555202-08bd-4739-af4e-d66b09b73961,Chevrolet,Sedan,2014,61456.0,2.0,Automatic,Electric,White,36277
03416f97-9fa7-40a9-89c2-18e52c2dbac5,Chevrolet,Sedan,2008,66134.0,1.0,Automatic,Diesel,Black,40842
82ee8713-ac7d-4820-ab18-5b7e80f94243,Chevrolet,Coupe,2012,170460.0,3.0,,Hybrid,White,37802
cb4a0aed-9d7a-4d91-8f23-3e161eda987a,Chevrolet,Sedan,2010,92952.0,1.2,Manual,Petrol,White,38612
e578f789-2305-4cb5-87bf-bf9c0ff32cc8,BMW,Coupe,2001,12603.0,3.0,,Hybrid,Red,19619
b9476d41-46cc-460b-b767-f08b489e3801,BMW,Sedan,2005,49975.0,,Automatic,Hybrid,Black,37277
0d2ea951-a8e3-46c0-a0f2-985f641f9fd0,Ford,SUV,2012,,3.0,Manual,Petrol,Red,10408
2b335fed-0ef0-4e38-b987-6a95d4acb855,Toyota,Truck,2016,91304.0,1.5,Automatic,Diesel,White,47246
64c6c98f-7462-4402-8ec2-758c923b4ad0,Honda,Sedan,2014,106864.0,1.5,Manual,Diesel,White,40955
